{
  "nautilus": {
    "scale": 0.55,
    "rotation": 9,
    "offsetX": 0.25,
    "offsetY": -0.29,
    "light": {
      "scale": 1,
      "rotation": -513.7480546620438,
      "offsetX": 0.13217716718423758,
      "offsetY": -0.04346075812361278
    },
    "dark": {
      "scale": 1,
      "rotation": -513.7480546620438,
      "offsetX": -0.11116459411014551,
      "offsetY": -0.01776819484539116
    }
  },
  "galaxy": {
    "light": {
      "scale": 1,
      "rotation": 0,
      "offsetX": 0,
      "offsetY": 0.02416918429003021
    },
    "dark": {
      "scale": 1,
      "rotation": -76.46832925932573,
      "offsetX": -0.006042296072507553,
      "offsetY": 0
    }
  },
  "hurricane": {
    "light": {
      "scale": 1,
      "rotation": -22.50830811055247,
      "offsetX": -0.0030211480362537764,
      "offsetY": 0.0030211480362537764
    },
    "dark": {
      "scale": 1,
      "rotation": -46.353149181396326,
      "offsetX": -0.0030211480362537764,
      "offsetY": 0.0030211480362537764
    }
  },
  "fiddlehead": {
    "light": {
      "scale": 0.8790336663271041,
      "rotation": 0.5089814783293284,
      "offsetX": 0.07747109971998728,
      "offsetY": -0.014173151269361528
    },
    "dark": {
      "scale": 0.8790336663271041,
      "rotation": 0.5089814783293284,
      "offsetX": 0.033739662685460116,
      "offsetY": 0.0927633492532903
    }
  },
  "rams-horn": {
    "light": {
      "scale": 0.8063580143243975,
      "rotation": 0,
      "offsetX": -0.07552870090634442,
      "offsetY": -0.11178247734138973
    },
    "dark": {
      "scale": 1.3373893913398547,
      "rotation": 0,
      "offsetX": 0.13889034635082212,
      "offsetY": -0.06649274456986694
    }
  },
  "wave": {
    "light": {
      "scale": 1,
      "rotation": 0,
      "offsetX": 0.027190332326283987,
      "offsetY": 0.0030211480362537764
    },
    "dark": {
      "scale": 1,
      "rotation": 0,
      "offsetX": 0,
      "offsetY": -0.006042296072507554
    }
  },
  "sunflower": {
    "dark": {
      "scale": 1,
      "rotation": 0,
      "offsetX": 0.012084592145015106,
      "offsetY": 0.03625377643504532
    }
  }
}
