{
  "nautilus": {
    "scale": 0.55,
    "rotation": 9,
    "offsetX": 0.25,
    "offsetY": -0.29,
    "light": {
      "scale": 1,
      "rotation": -513.7480546620438,
      "offsetX": 0.2918106502131794,
      "offsetY": 0.058945627215708375
    },
    "dark": {
      "scale": 0.52,
      "rotation": -513.7480546620438,
      "offsetX": -0.23766659952930694,
      "offsetY": 0.0756023329639899
    }
  },
  "galaxy": {
    "light": {
      "scale": 1,
      "rotation": 0,
      "offsetX": -0.009035857529940102,
      "offsetY": -0.060165485989410745
    },
    "dark": {
      "scale": 1,
      "rotation": -76.46832925932573,
      "offsetX": -0.006042296072507553,
      "offsetY": 0
    }
  },
  "hurricane": {
    "light": {
      "scale": 1,
      "rotation": -22.50830811055247,
      "offsetX": -0.0030211480362537764,
      "offsetY": 0.0030211480362537764
    },
    "dark": {
      "scale": 1,
      "rotation": -46.353149181396326,
      "offsetX": -0.0030211480362537764,
      "offsetY": 0.00000919552627374207
    }
  },
  "fiddlehead": {
    "light": {
      "scale": 0.8790336663271041,
      "rotation": 0.5089814783293284,
      "offsetX": 0.18891334258924852,
      "offsetY": 0.009922468810478747
    },
    "dark": {
      "scale": 0.8790336663271041,
      "rotation": 0.5089814783293284,
      "offsetX": 0.042775520215400216,
      "offsetY": -0.19939604421477303
    }
  },
  "rams-horn": {
    "light": {
      "scale": 0.4,
      "rotation": 0,
      "offsetX": -0.2050426588354859,
      "offsetY": 0.26471158640611453
    },
    "dark": {
      "scale": 0.45,
      "rotation": 0,
      "offsetX": 0.2051533015703829,
      "offsetY": 0.1142244060289351
    }
  },
  "wave": {
    "light": {
      "scale": 1,
      "rotation": 0,
      "offsetX": 0.06032180993606437,
      "offsetY": -0.0030027569837062923
    },
    "dark": {
      "scale": 1,
      "rotation": 0,
      "offsetX": 0.012047810039920137,
      "offsetY": 0.002993561457432548
    }
  },
  "sunflower": {
    "dark": {
      "scale": 0.67,
      "rotation": 0,
      "offsetX": 0.02112044967495521,
      "offsetY": -0.09326018149409615
    }
  },
  "pinecone": {
    "dark": {
      "scale": 0.49,
      "rotation": 0,
      "offsetX": -0.018071715059880204,
      "offsetY": 0.018071715059880204
    }
  },
  "romanesco": {
    "dark": {
      "scale": 0.62,
      "rotation": 0,
      "offsetX": 0,
      "offsetY": 0
    }
  }
}
